<?xml version="1.0" encoding="UTF-8"?>
<folder>
    <name>/</name>
    <label>root</label>
    <description>Root of the folder hierarchy</description>
    <creationDate>2008-10-01T15:04:54.000+01:00</creationDate>
    <folder>ContentFiles</folder>
    <folder>datasources</folder>
    <folder>datatypes</folder>
    <folder>images</folder>
    <folder>PersonalFolders</folder>
    <folder>reports</folder>
    <resource>OSSIM-Complete-Report</resource>
    <permission>
        <permissionMask>1</permissionMask>
        <recipient recipientType="role">ROLE_ADMINISTRATOR</recipient>
    </permission>
    <permission>
        <permissionMask>2</permissionMask>
        <recipient recipientType="role">ROLE_USER</recipient>
    </permission>
</folder>
