<?xml version="1.0" encoding="UTF-8"?>
<reportUnit>
    <folder>/</folder>
    <name>OSSIM-Complete-Report</name>
    <version>68</version>
    <label>OSSIM-Complete-Report</label>
    <creationDate>2008-10-21T13:23:29.000+01:00</creationDate>
    <mainReport>
        <localResource
            xmlns:xsi="http://www.w3.org/2001/XMLSchema-instance"
            dataFile="OSSIM-Complete-Report_jrxml.data" xsi:type="fileResource">
            <folder>/OSSIM-Complete-Report_files</folder>
            <name>OSSIM-Complete-Report_jrxml</name>
            <version>16</version>
            <label>Main jrxml</label>
            <description>Main jrxml</description>
            <creationDate>2008-10-21T13:23:29.000+01:00</creationDate>
            <fileType>jrxml</fileType>
        </localResource>
    </mainReport>
    <dataSource>
        <uri>/datasources/datawarehouse</uri>
    </dataSource>
    <inputControl>
        <localResource
            xmlns:xsi="http://www.w3.org/2001/XMLSchema-instance" xsi:type="inputControl">
            <folder>/OSSIM-Complete-Report_files</folder>
            <name>Year</name>
            <version>46</version>
            <label>Year</label>
            <creationDate>2008-10-21T13:47:52.000+01:00</creationDate>
            <type>2</type>
            <mandatory>true</mandatory>
            <readOnly>false</readOnly>
            <visible>true</visible>
            <dataType>
                <localResource xsi:type="dataType">
                    <folder>/OSSIM-Complete-Report_files/Year_files</folder>
                    <name>Year</name>
                    <version>0</version>
                    <label>Year</label>
                    <creationDate>2008-10-21T13:47:52.000+01:00</creationDate>
                    <type>2</type>
                    <regularExpr></regularExpr>
                    <strictMin>false</strictMin>
                    <strictMax>false</strictMax>
                </localResource>
            </dataType>
        </localResource>
    </inputControl>
    <inputControl>
        <localResource
            xmlns:xsi="http://www.w3.org/2001/XMLSchema-instance" xsi:type="inputControl">
            <folder>/OSSIM-Complete-Report_files</folder>
            <name>Month</name>
            <version>45</version>
            <label>Month</label>
            <creationDate>2008-10-21T13:48:07.000+01:00</creationDate>
            <type>2</type>
            <mandatory>true</mandatory>
            <readOnly>false</readOnly>
            <visible>true</visible>
            <dataType>
                <localResource xsi:type="dataType">
                    <folder>/OSSIM-Complete-Report_files/Month_files</folder>
                    <name>Month</name>
                    <version>0</version>
                    <label>Month</label>
                    <creationDate>2008-10-21T13:48:07.000+01:00</creationDate>
                    <type>2</type>
                    <regularExpr></regularExpr>
                    <strictMin>false</strictMin>
                    <strictMax>false</strictMax>
                </localResource>
            </dataType>
        </localResource>
    </inputControl>
    <resource>
        <localResource
            xmlns:xsi="http://www.w3.org/2001/XMLSchema-instance"
            dataFile="PG0.jrxml.data" xsi:type="fileResource">
            <folder>/OSSIM-Complete-Report_files</folder>
            <name>PG0.jrxml</name>
            <version>1</version>
            <label>PG0.jrxml</label>
            <creationDate>2008-10-21T13:31:19.000+01:00</creationDate>
            <fileType>jrxml</fileType>
        </localResource>
    </resource>
    <resource>
        <localResource
            xmlns:xsi="http://www.w3.org/2001/XMLSchema-instance"
            dataFile="summary.jrxml.data" xsi:type="fileResource">
            <folder>/OSSIM-Complete-Report_files</folder>
            <name>summary.jrxml</name>
            <version>0</version>
            <label>summary.jrxml</label>
            <creationDate>2008-10-21T13:33:17.000+01:00</creationDate>
            <fileType>jrxml</fileType>
        </localResource>
    </resource>
    <resource>
        <localResource
            xmlns:xsi="http://www.w3.org/2001/XMLSchema-instance"
            dataFile="page2b-potential-threat.jrxml.data" xsi:type="fileResource">
            <folder>/OSSIM-Complete-Report_files</folder>
            <name>page2b-potential-threat.jrxml</name>
            <version>1</version>
            <label>page2b-potential-threat.jrxml</label>
            <creationDate>2008-10-21T13:44:27.000+01:00</creationDate>
            <fileType>jrxml</fileType>
        </localResource>
    </resource>
    <resource>
        <localResource
            xmlns:xsi="http://www.w3.org/2001/XMLSchema-instance"
            dataFile="potential-threat-Q.jrxml.data" xsi:type="fileResource">
            <folder>/OSSIM-Complete-Report_files</folder>
            <name>potential-threat-Q.jrxml</name>
            <version>0</version>
            <label>potential-threat-Q.jrxml</label>
            <creationDate>2008-10-21T13:46:16.000+01:00</creationDate>
            <fileType>jrxml</fileType>
        </localResource>
    </resource>
    <resource>
        <localResource
            xmlns:xsi="http://www.w3.org/2001/XMLSchema-instance"
            dataFile="potential-threat-R.jrxml.data" xsi:type="fileResource">
            <folder>/OSSIM-Complete-Report_files</folder>
            <name>potential-threat-R.jrxml</name>
            <version>0</version>
            <label>potential-threat-R.jrxml</label>
            <creationDate>2008-10-21T13:46:24.000+01:00</creationDate>
            <fileType>jrxml</fileType>
        </localResource>
    </resource>
    <resource>
        <localResource
            xmlns:xsi="http://www.w3.org/2001/XMLSchema-instance"
            dataFile="potential-threat-Tab.jrxml.data" xsi:type="fileResource">
            <folder>/OSSIM-Complete-Report_files</folder>
            <name>potential-threat-Tab.jrxml</name>
            <version>0</version>
            <label>potential-threat-Tab.jrxml</label>
            <creationDate>2008-10-21T13:46:32.000+01:00</creationDate>
            <fileType>jrxml</fileType>
        </localResource>
    </resource>
    <resource>
        <localResource
            xmlns:xsi="http://www.w3.org/2001/XMLSchema-instance"
            dataFile="geoloc.jrxml.data" xsi:type="fileResource">
            <folder>/OSSIM-Complete-Report_files</folder>
            <name>geoloc.jrxml</name>
            <version>0</version>
            <label>geoloc.jrxml</label>
            <creationDate>2008-10-21T13:47:17.000+01:00</creationDate>
            <fileType>jrxml</fileType>
        </localResource>
    </resource>
    <resource>
        <localResource
            xmlns:xsi="http://www.w3.org/2001/XMLSchema-instance"
            dataFile="page2c-potential-impact.jrxml.data" xsi:type="fileResource">
            <folder>/OSSIM-Complete-Report_files</folder>
            <name>page2c-potential-impact.jrxml</name>
            <version>0</version>
            <label>page2c-potential-impact.jrxml</label>
            <creationDate>2008-10-21T13:50:45.000+01:00</creationDate>
            <fileType>jrxml</fileType>
        </localResource>
    </resource>
    <resource>
        <localResource
            xmlns:xsi="http://www.w3.org/2001/XMLSchema-instance"
            dataFile="potential-impact-Q.jrxml.data" xsi:type="fileResource">
            <folder>/OSSIM-Complete-Report_files</folder>
            <name>potential-impact-Q.jrxml</name>
            <version>0</version>
            <label>potential-impact-Q.jrxml</label>
            <creationDate>2008-10-21T13:50:55.000+01:00</creationDate>
            <fileType>jrxml</fileType>
        </localResource>
    </resource>
    <resource>
        <localResource
            xmlns:xsi="http://www.w3.org/2001/XMLSchema-instance"
            dataFile="potential-impact-R.jrxml.data" xsi:type="fileResource">
            <folder>/OSSIM-Complete-Report_files</folder>
            <name>potential-impact-R.jrxml</name>
            <version>0</version>
            <label>potential-impact-R.jrxml</label>
            <creationDate>2008-10-21T13:51:04.000+01:00</creationDate>
            <fileType>jrxml</fileType>
        </localResource>
    </resource>
    <resource>
        <localResource
            xmlns:xsi="http://www.w3.org/2001/XMLSchema-instance"
            dataFile="potential-impact-Tab.jrxml.data" xsi:type="fileResource">
            <folder>/OSSIM-Complete-Report_files</folder>
            <name>potential-impact-Tab.jrxml</name>
            <version>0</version>
            <label>potential-impact-Tab.jrxml</label>
            <creationDate>2008-10-21T13:51:13.000+01:00</creationDate>
            <fileType>jrxml</fileType>
        </localResource>
    </resource>
    <resource>
        <localResource
            xmlns:xsi="http://www.w3.org/2001/XMLSchema-instance"
            dataFile="DIC.jrxml.data" xsi:type="fileResource">
            <folder>/OSSIM-Complete-Report_files</folder>
            <name>DIC.jrxml</name>
            <version>10</version>
            <label>DIC.jrxml</label>
            <creationDate>2008-10-21T14:07:10.000+01:00</creationDate>
            <fileType>jrxml</fileType>
        </localResource>
    </resource>
    <resource>
        <localResource
            xmlns:xsi="http://www.w3.org/2001/XMLSchema-instance"
            dataFile="dic_r.jrxml.data" xsi:type="fileResource">
            <folder>/OSSIM-Complete-Report_files</folder>
            <name>dic_r.jrxml</name>
            <version>1</version>
            <label>dic_r.jrxml</label>
            <creationDate>2008-10-21T14:07:21.000+01:00</creationDate>
            <fileType>jrxml</fileType>
        </localResource>
    </resource>
    <resource>
        <localResource
            xmlns:xsi="http://www.w3.org/2001/XMLSchema-instance"
            dataFile="dic_tab.jrxml.data" xsi:type="fileResource">
            <folder>/OSSIM-Complete-Report_files</folder>
            <name>dic_tab.jrxml</name>
            <version>1</version>
            <label>dic_tab.jrxml</label>
            <creationDate>2008-10-21T14:07:30.000+01:00</creationDate>
            <fileType>jrxml</fileType>
        </localResource>
    </resource>
    <resource>
        <localResource
            xmlns:xsi="http://www.w3.org/2001/XMLSchema-instance"
            dataFile="DIC_Q.jrxml.data" xsi:type="fileResource">
            <folder>/OSSIM-Complete-Report_files</folder>
            <name>DIC_Q.jrxml</name>
            <version>2</version>
            <label>DIC_Q.jrxml</label>
            <creationDate>2008-10-21T14:17:02.000+01:00</creationDate>
            <fileType>jrxml</fileType>
        </localResource>
    </resource>
    <resource>
        <localResource
            xmlns:xsi="http://www.w3.org/2001/XMLSchema-instance"
            dataFile="ISO-27001-global-report.jrxml.data" xsi:type="fileResource">
            <folder>/OSSIM-Complete-Report_files</folder>
            <name>ISO-27001-global-report.jrxml</name>
            <version>0</version>
            <label>ISO-27001-global-report.jrxml</label>
            <creationDate>2008-10-21T14:19:02.000+01:00</creationDate>
            <fileType>jrxml</fileType>
        </localResource>
    </resource>
    <resource>
        <localResource
            xmlns:xsi="http://www.w3.org/2001/XMLSchema-instance"
            dataFile="ISO-27001-report-b.jrxml.data" xsi:type="fileResource">
            <folder>/OSSIM-Complete-Report_files</folder>
            <name>ISO-27001-report-b.jrxml</name>
            <version>0</version>
            <label>ISO-27001-report-b.jrxml</label>
            <creationDate>2008-10-21T14:21:41.000+01:00</creationDate>
            <fileType>jrxml</fileType>
        </localResource>
    </resource>
    <resource>
        <localResource
            xmlns:xsi="http://www.w3.org/2001/XMLSchema-instance"
            dataFile="ISO-27001-potential-Bars.jrxml.data" xsi:type="fileResource">
            <folder>/OSSIM-Complete-Report_files</folder>
            <name>ISO-27001-potential-Bars.jrxml</name>
            <version>0</version>
            <label>ISO-27001-potential-Bars.jrxml</label>
            <creationDate>2008-10-21T14:21:54.000+01:00</creationDate>
            <fileType>jrxml</fileType>
        </localResource>
    </resource>
    <resource>
        <localResource
            xmlns:xsi="http://www.w3.org/2001/XMLSchema-instance"
            dataFile="ISO-27001-A10Com_OP_Mgnt.jrxml.data" xsi:type="fileResource">
            <folder>/OSSIM-Complete-Report_files</folder>
            <name>ISO-27001-A10Com_OP_Mgnt.jrxml</name>
            <version>0</version>
            <label>ISO-27001-A10Com_OP_Mgnt.jrxml</label>
            <creationDate>2008-10-21T14:22:03.000+01:00</creationDate>
            <fileType>jrxml</fileType>
        </localResource>
    </resource>
    <resource>
        <localResource
            xmlns:xsi="http://www.w3.org/2001/XMLSchema-instance"
            dataFile="ISO-27001-A11AccessCtrl.jrxml.data" xsi:type="fileResource">
            <folder>/OSSIM-Complete-Report_files</folder>
            <name>ISO-27001-A11AccessCtrl.jrxml</name>
            <version>0</version>
            <label>ISO-27001-A11AccessCtrl.jrxml</label>
            <creationDate>2008-10-21T14:22:12.000+01:00</creationDate>
            <fileType>jrxml</fileType>
        </localResource>
    </resource>
    <resource>
        <localResource
            xmlns:xsi="http://www.w3.org/2001/XMLSchema-instance"
            dataFile="ISO-27001-A12IS_Acquis.jrxml.data" xsi:type="fileResource">
            <folder>/OSSIM-Complete-Report_files</folder>
            <name>ISO-27001-A12IS_Acquis.jrxml</name>
            <version>0</version>
            <label>ISO-27001-A12IS_Acquis.jrxml</label>
            <creationDate>2008-10-21T14:22:21.000+01:00</creationDate>
            <fileType>jrxml</fileType>
        </localResource>
    </resource>
    <resource>
        <localResource
            xmlns:xsi="http://www.w3.org/2001/XMLSchema-instance"
            dataFile="trend_global.jrxml.data" xsi:type="fileResource">
            <folder>/OSSIM-Complete-Report_files</folder>
            <name>trend_global.jrxml</name>
            <version>1</version>
            <label>trend_global.jrxml</label>
            <creationDate>2008-10-21T14:24:27.000+01:00</creationDate>
            <fileType>jrxml</fileType>
        </localResource>
    </resource>
    <resource>
        <localResource
            xmlns:xsi="http://www.w3.org/2001/XMLSchema-instance"
            dataFile="Trend1.jrxml.data" xsi:type="fileResource">
            <folder>/OSSIM-Complete-Report_files</folder>
            <name>Trend1.jrxml</name>
            <version>0</version>
            <label>Trend1.jrxml</label>
            <creationDate>2008-10-21T14:24:35.000+01:00</creationDate>
            <fileType>jrxml</fileType>
        </localResource>
    </resource>
    <resource>
        <localResource
            xmlns:xsi="http://www.w3.org/2001/XMLSchema-instance"
            dataFile="Trend2.jrxml.data" xsi:type="fileResource">
            <folder>/OSSIM-Complete-Report_files</folder>
            <name>Trend2.jrxml</name>
            <version>0</version>
            <label>Trend2.jrxml</label>
            <creationDate>2008-10-21T14:24:46.000+01:00</creationDate>
            <fileType>jrxml</fileType>
        </localResource>
    </resource>
    <resource>
        <localResource
            xmlns:xsi="http://www.w3.org/2001/XMLSchema-instance"
            dataFile="Trend3.jrxml.data" xsi:type="fileResource">
            <folder>/OSSIM-Complete-Report_files</folder>
            <name>Trend3.jrxml</name>
            <version>1</version>
            <label>Trend3.jrxml</label>
            <creationDate>2008-10-21T14:24:54.000+01:00</creationDate>
            <fileType>jrxml</fileType>
        </localResource>
    </resource>
    <resource>
        <localResource
            xmlns:xsi="http://www.w3.org/2001/XMLSchema-instance"
            dataFile="Trend4.jrxml.data" xsi:type="fileResource">
            <folder>/OSSIM-Complete-Report_files</folder>
            <name>Trend4.jrxml</name>
            <version>0</version>
            <label>Trend4.jrxml</label>
            <creationDate>2008-10-21T14:25:02.000+01:00</creationDate>
            <fileType>jrxml</fileType>
        </localResource>
    </resource>
    <alwaysPromptControls>false</alwaysPromptControls>
    <controlsLayout>1</controlsLayout>
</reportUnit>
