<?xml version="1.0" encoding="UTF-8"?>
<jdbcDataSource>
    <folder>/datasources</folder>
    <name>JServerJdbcDS</name>
    <version>0</version>
    <label>JServer Jdbc data source</label>
    <description>JServer Jdbc data source</description>
    <creationDate>2008-10-01T14:06:00.000+01:00</creationDate>
    <driver>com.mysql.jdbc.Driver</driver>
    <connectionUrl>jdbc:mysql://127.0.0.1:3306/sugarcrm</connectionUrl>
    <connectionUser>jasperdb</connectionUser>
    <connectionPassword>password</connectionPassword>
</jdbcDataSource>
